cpu,mem,io,socket,delay,loss,disk,method,dataset,length,tdelta,speed,with_baro_pre,with_baro_post,seed,model_class,scaler_type,train_time,train_time_std,infer_time,infer_time_std,num_params,num_params_std,num_trainable_params,num_trainable_params_std,model_size_mb,model_size_mb_std,peak_memory_mb,peak_memory_mb_std,energy_joules,energy_joules_std,ensemble_method,service_MRR_mean,service_MRR_std,service_MRR_median,service_Hit@1_mean,service_Hit@1_std,service_Hit@1_median,service_Hit@3_mean,service_Hit@3_std,service_Hit@3_median,service_Hit@5_mean,service_Hit@5_std,service_Hit@5_median,service_NDCG@5_mean,service_NDCG@5_std,service_NDCG@5_median,service_Rank_mean,service_Rank_std,service_Rank_median,metric_MRR_mean,metric_MRR_std,metric_MRR_median,metric_Hit@1_mean,metric_Hit@1_std,metric_Hit@1_median,metric_Hit@3_mean,metric_Hit@3_std,metric_Hit@3_median,metric_Hit@5_mean,metric_Hit@5_std,metric_Hit@5_median,metric_NDCG@5_mean,metric_NDCG@5_std,metric_NDCG@5_median,metric_Rank_mean,metric_Rank_std,metric_Rank_median,service_delay_MRR_mean,service_delay_MRR_std,service_delay_MRR_median,service_delay_Hit@1_mean,service_delay_Hit@1_std,service_delay_Hit@1_median,service_delay_Hit@3_mean,service_delay_Hit@3_std,service_delay_Hit@3_median,service_delay_Hit@5_mean,service_delay_Hit@5_std,service_delay_Hit@5_median,service_delay_NDCG@5_mean,service_delay_NDCG@5_std,service_delay_NDCG@5_median,service_delay_Rank_mean,service_delay_Rank_std,service_delay_Rank_median,service_disk_MRR_mean,service_disk_MRR_std,service_disk_MRR_median,service_disk_Hit@1_mean,service_disk_Hit@1_std,service_disk_Hit@1_median,service_disk_Hit@3_mean,service_disk_Hit@3_std,service_disk_Hit@3_median,service_disk_Hit@5_mean,service_disk_Hit@5_std,service_disk_Hit@5_median,service_disk_NDCG@5_mean,service_disk_NDCG@5_std,service_disk_NDCG@5_median,service_disk_Rank_mean,service_disk_Rank_std,service_disk_Rank_median,service_mem_MRR_mean,service_mem_MRR_std,service_mem_MRR_median,service_mem_Hit@1_mean,service_mem_Hit@1_std,service_mem_Hit@1_median,service_mem_Hit@3_mean,service_mem_Hit@3_std,service_mem_Hit@3_median,service_mem_Hit@5_mean,service_mem_Hit@5_std,service_mem_Hit@5_median,service_mem_NDCG@5_mean,service_mem_NDCG@5_std,service_mem_NDCG@5_median,service_mem_Rank_mean,service_mem_Rank_std,service_mem_Rank_median,service_cpu_MRR_mean,service_cpu_MRR_std,service_cpu_MRR_median,service_cpu_Hit@1_mean,service_cpu_Hit@1_std,service_cpu_Hit@1_median,service_cpu_Hit@3_mean,service_cpu_Hit@3_std,service_cpu_Hit@3_median,service_cpu_Hit@5_mean,service_cpu_Hit@5_std,service_cpu_Hit@5_median,service_cpu_NDCG@5_mean,service_cpu_NDCG@5_std,service_cpu_NDCG@5_median,service_cpu_Rank_mean,service_cpu_Rank_std,service_cpu_Rank_median,service_loss_MRR_mean,service_loss_MRR_std,service_loss_MRR_median,service_loss_Hit@1_mean,service_loss_Hit@1_std,service_loss_Hit@1_median,service_loss_Hit@3_mean,service_loss_Hit@3_std,service_loss_Hit@3_median,service_loss_Hit@5_mean,service_loss_Hit@5_std,service_loss_Hit@5_median,service_loss_NDCG@5_mean,service_loss_NDCG@5_std,service_loss_NDCG@5_median,service_loss_Rank_mean,service_loss_Rank_std,service_loss_Rank_median,metric_delay_MRR_mean,metric_delay_MRR_std,metric_delay_MRR_median,metric_delay_Hit@1_mean,metric_delay_Hit@1_std,metric_delay_Hit@1_median,metric_delay_Hit@3_mean,metric_delay_Hit@3_std,metric_delay_Hit@3_median,metric_delay_Hit@5_mean,metric_delay_Hit@5_std,metric_delay_Hit@5_median,metric_delay_NDCG@5_mean,metric_delay_NDCG@5_std,metric_delay_NDCG@5_median,metric_delay_Rank_mean,metric_delay_Rank_std,metric_delay_Rank_median,metric_disk_MRR_mean,metric_disk_MRR_std,metric_disk_MRR_median,metric_disk_Hit@1_mean,metric_disk_Hit@1_std,metric_disk_Hit@1_median,metric_disk_Hit@3_mean,metric_disk_Hit@3_std,metric_disk_Hit@3_median,metric_disk_Hit@5_mean,metric_disk_Hit@5_std,metric_disk_Hit@5_median,metric_disk_NDCG@5_mean,metric_disk_NDCG@5_std,metric_disk_NDCG@5_median,metric_disk_Rank_mean,metric_disk_Rank_std,metric_disk_Rank_median,metric_mem_MRR_mean,metric_mem_MRR_std,metric_mem_MRR_median,metric_mem_Hit@1_mean,metric_mem_Hit@1_std,metric_mem_Hit@1_median,metric_mem_Hit@3_mean,metric_mem_Hit@3_std,metric_mem_Hit@3_median,metric_mem_Hit@5_mean,metric_mem_Hit@5_std,metric_mem_Hit@5_median,metric_mem_NDCG@5_mean,metric_mem_NDCG@5_std,metric_mem_NDCG@5_median,metric_mem_Rank_mean,metric_mem_Rank_std,metric_mem_Rank_median,metric_cpu_MRR_mean,metric_cpu_MRR_std,metric_cpu_MRR_median,metric_cpu_Hit@1_mean,metric_cpu_Hit@1_std,metric_cpu_Hit@1_median,metric_cpu_Hit@3_mean,metric_cpu_Hit@3_std,metric_cpu_Hit@3_median,metric_cpu_Hit@5_mean,metric_cpu_Hit@5_std,metric_cpu_Hit@5_median,metric_cpu_NDCG@5_mean,metric_cpu_NDCG@5_std,metric_cpu_NDCG@5_median,metric_cpu_Rank_mean,metric_cpu_Rank_std,metric_cpu_Rank_median,metric_loss_MRR_mean,metric_loss_MRR_std,metric_loss_MRR_median,metric_loss_Hit@1_mean,metric_loss_Hit@1_std,metric_loss_Hit@1_median,metric_loss_Hit@3_mean,metric_loss_Hit@3_std,metric_loss_Hit@3_median,metric_loss_Hit@5_mean,metric_loss_Hit@5_std,metric_loss_Hit@5_median,metric_loss_NDCG@5_mean,metric_loss_NDCG@5_std,metric_loss_NDCG@5_median,metric_loss_Rank_mean,metric_loss_Rank_std,metric_loss_Rank_median
0.02,0.02,,,0.0,0.0,0.05,RMDnet,train-ticket,100,0,31.05,False,False,1,Fits,Robust,7.1,1.14,23.3,5.92,56.0,0.0,56.0,0.0,0.0,0.0,88.18,6.34,0.0,0.0,rank,0.0453999322941553,0.0604767561132699,0.0217391304347826,0.0,0.0,0.0,0.0117647058823529,0.1078253104695492,0.0,0.0588235294117647,0.2352941176470588,0.0,0.0251183380072455,0.1009744089546193,0.0,41.71764705882353,18.762673686749245,46.0,0.0,0.0,0.0,0.0,0.0,0.0,0.0,0.0,0.0,0.0,0.0,0.0,0.0,0.0,0.0,795.8470588235294,114.53450606513644,745.0,0.0229381591873952,0.005188760262832,0.0227272727272727,0.0,0.0,0.0,0.0,0.0,0.0,0.0,0.0,0.0,0.0,0.0,0.0,45.8,10.007996802557445,44.0,0.0774395774016433,0.0874584253472111,0.0200080032012805,0.0,0.0,0.0,0.05,0.2179449471770336,0.0,0.15,0.3570714214271425,0.0,0.0636852807234541,0.1530022694789178,0.0,35.65,24.27606846258265,50.0,0.0327955442650502,0.050038637316957,0.0217391304347826,0.0,0.0,0.0,0.0,0.0,0.0,0.05,0.2179449471770336,0.0,0.0215338279036696,0.0938637796996923,0.0,46.85,14.350174214970354,46.0,0.0561071845745766,0.0577440486600916,0.0289915966386554,0.0,0.0,0.0,0.0,0.0,0.0,0.05,0.2179449471770336,0.0,0.0215338279036696,0.0938637796996923,0.0,33.15,18.83155596332921,34.5,0.0188075732366873,0.0030570352232952,0.0186786579038395,0.0,0.0,0.0,0.0,0.0,0.0,0.0,0.0,0.0,0.0,0.0,0.0,54.6,8.845337754998392,54.0,0.0,0.0,0.0,0.0,0.0,0.0,0.0,0.0,0.0,0.0,0.0,0.0,0.0,0.0,0.0,722.4,40.034651657449615,718.0,0.0,0.0,0.0,0.0,0.0,0.0,0.0,0.0,0.0,0.0,0.0,0.0,0.0,0.0,0.0,994.1,11.78516016013359,991.0,0.0,0.0,0.0,0.0,0.0,0.0,0.0,0.0,0.0,0.0,0.0,0.0,0.0,0.0,0.0,736.3,32.73698214557964,740.0,0.0,0.0,0.0,0.0,0.0,0.0,0.0,0.0,0.0,0.0,0.0,0.0,0.0,0.0,0.0,742.2,35.973045464625315,743.0,0.0,0.0,0.0,0.0,0.0,0.0,0.0,0.0,0.0,0.0,0.0,0.0,0.0,0.0,0.0,735.9,30.81055014114484,735.5
0.0,0.0,,,0.04,0.0,0.04,RMDnet,train-ticket,100,0,28.3,False,False,1,Dlinear,Robust,6.2,1.51,21.39,4.54,312.0,0.0,312.0,0.0,0.0,0.0,82.58,6.29,0.0,0.0,rank,0.0454413487885719,0.0674138836855022,0.0222222222222222,0.0,0.0,0.0,0.0235294117647058,0.1515776320791191,0.0,0.0235294117647058,0.1515776320791191,0.0,0.01330505592437,0.0862980655719355,0.0,40.68235294117647,19.85607731220781,45.0,0.0,0.0,0.0,0.0,0.0,0.0,0.0,0.0,0.0,0.0,0.0,0.0,0.0,0.0,0.0,795.8470588235294,114.53450606513644,745.0,0.0586884550775609,0.077430080184069,0.0256410256410256,0.0,0.0,0.0,0.0666666666666666,0.2494438257849294,0.0,0.0666666666666666,0.2494438257849294,0.0,0.0333333333333333,0.1247219128924647,0.0,34.0,18.71185007778048,39.0,0.0743954413214193,0.1071080162796159,0.0328663793103448,0.0,0.0,0.0,0.05,0.2179449471770336,0.0,0.05,0.2179449471770336,0.0,0.0315464876785728,0.1375079518145501,0.0,31.35,20.399203415819944,30.5,0.0330296584575375,0.0231534295773959,0.0227272727272727,0.0,0.0,0.0,0.0,0.0,0.0,0.0,0.0,0.0,0.0,0.0,0.0,42.3,19.32123184478671,44.0,0.0277978808692622,0.0331658344247635,0.0183501683501683,0.0,0.0,0.0,0.0,0.0,0.0,0.0,0.0,0.0,0.0,0.0,0.0,51.25,15.267203411234162,54.5,0.0277728207900823,0.0153984718677917,0.0206207482993197,0.0,0.0,0.0,0.0,0.0,0.0,0.0,0.0,0.0,0.0,0.0,0.0,45.0,17.10555465338672,48.5,0.0,0.0,0.0,0.0,0.0,0.0,0.0,0.0,0.0,0.0,0.0,0.0,0.0,0.0,0.0,722.4,40.034651657449615,718.0,0.0,0.0,0.0,0.0,0.0,0.0,0.0,0.0,0.0,0.0,0.0,0.0,0.0,0.0,0.0,994.1,11.78516016013359,991.0,0.0,0.0,0.0,0.0,0.0,0.0,0.0,0.0,0.0,0.0,0.0,0.0,0.0,0.0,0.0,736.3,32.73698214557964,740.0,0.0,0.0,0.0,0.0,0.0,0.0,0.0,0.0,0.0,0.0,0.0,0.0,0.0,0.0,0.0,742.2,35.973045464625315,743.0,0.0,0.0,0.0,0.0,0.0,0.0,0.0,0.0,0.0,0.0,0.0,0.0,0.0,0.0,0.0,735.9,30.81055014114484,735.5
0.2,0.07,,,0.15,0.22,0.9,baro,train-ticket,100,0,1.55,False,False,1,SFlexRCA,Robust,0.87,0.26,0.0,0.0,0.0,0.0,0.0,0.0,0.0,0.0,0.0,0.0,0.0,0.0,rank,0.3287378903295858,0.3398925065502132,0.1428571428571428,0.1764705882352941,0.3812200410828152,0.0,0.3529411764705882,0.4778846120374095,0.0,0.4235294117647059,0.4941176470588235,0.0,0.3099881368749527,0.3937826519241538,0.0,7.623529411764705,6.0972056677643165,7.0,0.0,0.0,0.0,0.0,0.0,0.0,0.0,0.0,0.0,0.0,0.0,0.0,0.0,0.0,0.0,748.2117647058824,124.28563819521425,696.0,0.1962087912087912,0.2393717692733092,0.1111111111111111,0.0666666666666666,0.2494438257849294,0.0,0.1333333333333333,0.339934634239519,0.0,0.2666666666666666,0.4422166387140533,0.0,0.160309024536036,0.2957361202893327,0.0,9.333333333333334,4.9216076867444665,9.0,0.7833333333333333,0.2692582403567252,1.0,0.6,0.4898979485566356,1.0,1.0,0.0,1.0,1.0,0.0,1.0,0.8392789260714373,0.2000814594981178,1.0,1.5,0.6708203932499369,1.0,0.1367117604617604,0.1024762699624187,0.1055555555555555,0.0,0.0,0.0,0.1,0.3,0.0,0.1,0.3,0.0,0.0565464876785728,0.170897959110997,0.0,9.75,4.085033659592048,9.5,0.2090373515373515,0.2241101079319489,0.1111111111111111,0.05,0.2179449471770336,0.0,0.2,0.4000000000000001,0.0,0.35,0.4769696007084728,0.0,0.1983120839842695,0.2953289302967317,0.0,9.15,5.833309523760932,9.0,0.241793990323402,0.2827602196679311,0.1111111111111111,0.1,0.3,0.0,0.2,0.4000000000000001,0.0,0.3,0.458257569495584,0.0,0.206160631164485,0.3403722364110058,0.0,10.0,8.8656641037206,9.0,0.0,0.0,0.0,0.0,0.0,0.0,0.0,0.0,0.0,0.0,0.0,0.0,0.0,0.0,0.0,673.2,39.17856556843295,662.0,0.0,0.0,0.0,0.0,0.0,0.0,0.0,0.0,0.0,0.0,0.0,0.0,0.0,0.0,0.0,964.9,10.192644406629714,967.0,0.0,0.0,0.0,0.0,0.0,0.0,0.0,0.0,0.0,0.0,0.0,0.0,0.0,0.0,0.0,683.5,29.03360122341009,686.5,0.0,0.0,0.0,0.0,0.0,0.0,0.0,0.0,0.0,0.0,0.0,0.0,0.0,0.0,0.0,684.2,41.461548451547245,696.0,0.0,0.0,0.0,0.0,0.0,0.0,0.0,0.0,0.0,0.0,0.0,0.0,0.0,0.0,0.0,684.8,26.936220967314625,677.5
0.59,0.87,,,0.64,0.44,1.0,nsigma,train-ticket,100,0,1.14,False,False,1,SFlexRCA,Robust,0.0,0.0,0.0,0.0,0.0,0.0,0.0,0.0,0.0,0.0,0.0,0.0,0.0,0.0,rank,0.6883492612731368,0.3610403109594515,1.0,0.5529411764705883,0.4971893319791868,1.0,0.7647058823529411,0.4241825029957635,1.0,0.8823529411764706,0.3221897397089212,1.0,0.7253976925811431,0.346841227514548,1.0,2.9647058823529413,5.655704166536397,1.0,0.0,0.0,0.0,0.0,0.0,0.0,0.0,0.0,0.0,0.0,0.0,0.0,0.0,0.0,0.0,748.2117647058824,124.28563819521425,696.0,0.6096296296296297,0.3793131472132676,0.5,0.4666666666666667,0.4988876515698588,0.0,0.6,0.4898979485566357,1.0,0.8,0.4,1.0,0.6340043620349495,0.3904989484839846,0.6309297535714575,3.0,2.449489742783178,2.0,1.0,0.0,1.0,1.0,0.0,1.0,1.0,0.0,1.0,1.0,0.0,1.0,1.0,0.0,1.0,1.0,0.0,1.0,0.7666666666666666,0.2941560432453798,1.0,0.6,0.4898979485566356,1.0,0.9,0.3,1.0,1.0,0.0,1.0,0.8258000942002038,0.2205006183024533,1.0,1.65,0.9630680142129112,1.0,0.4834722222222222,0.3206552836876232,0.3333333333333333,0.25,0.4330127018922193,0.0,0.7,0.4582575694955839,1.0,0.85,0.3570714214271425,1.0,0.5592138717994728,0.3191278435755453,0.5,3.3,2.282542442102665,3.0,0.4362464985994398,0.3874832325888555,0.225,0.3,0.4582575694955839,0.0,0.4,0.4898979485566356,0.0,0.6,0.4898979485566356,1.0,0.4448459118879392,0.418847334102392,0.4087646826539673,8.8,14.323407415835105,4.5,0.0,0.0,0.0,0.0,0.0,0.0,0.0,0.0,0.0,0.0,0.0,0.0,0.0,0.0,0.0,673.2,39.17856556843295,662.0,0.0,0.0,0.0,0.0,0.0,0.0,0.0,0.0,0.0,0.0,0.0,0.0,0.0,0.0,0.0,964.9,10.192644406629714,967.0,0.0,0.0,0.0,0.0,0.0,0.0,0.0,0.0,0.0,0.0,0.0,0.0,0.0,0.0,0.0,683.5,29.03360122341009,686.5,0.0,0.0,0.0,0.0,0.0,0.0,0.0,0.0,0.0,0.0,0.0,0.0,0.0,0.0,0.0,684.2,41.461548451547245,696.0,0.0,0.0,0.0,0.0,0.0,0.0,0.0,0.0,0.0,0.0,0.0,0.0,0.0,0.0,0.0,684.8,26.936220967314625,677.5
0.04,0.02,,,0.08,0.0,0.05,dummy,train-ticket,100,0,0.61,False,False,1,SFlexRCA,Robust,0.0,0.0,0.0,0.0,0.0,0.0,0.0,0.0,0.0,0.0,0.0,0.0,0.0,0.0,rank,0.0758449970399379,0.1249210040006134,0.037037037037037,0.0117647058823529,0.1078253104695492,0.0,0.0352941176470588,0.1845222016630367,0.0,0.0705882352941176,0.2561357771420852,0.0,0.0397545373759151,0.1547048829294084,0.0,28.023529411764702,17.134743837209296,27.0,0.0,0.0,0.0,0.0,0.0,0.0,0.0,0.0,0.0,0.0,0.0,0.0,0.0,0.0,0.0,795.8470588235294,114.53450606513644,745.0,0.1294502893683082,0.2368156397277208,0.0588235294117647,0.0666666666666666,0.2494438257849294,0.0,0.0666666666666666,0.2494438257849294,0.0,0.1333333333333333,0.339934634239519,0.0,0.0924568538156361,0.2609509592756152,0.0,20.933333333333334,15.34695047522109,17.0,0.08821511873384,0.0794165475672681,0.0590277777777777,0.0,0.0,0.0,0.05,0.2179449471770336,0.0,0.1,0.3,0.0,0.0465338279036696,0.1400311313398877,0.0,20.9,14.421858410066296,17.0,0.0522183672062704,0.0512049705194967,0.034647550776583,0.0,0.0,0.0,0.0,0.0,0.0,0.05,0.2179449471770336,0.0,0.0215338279036696,0.0938637796996923,0.0,30.05,15.33451988162655,29.0,0.0664216029521765,0.1052867375558682,0.0294372294372294,0.0,0.0,0.0,0.05,0.2179449471770336,0.0,0.05,0.2179449471770336,0.0,0.0315464876785728,0.1375079518145501,0.0,31.75,16.979031185553552,34.0,0.0367968630024356,0.0325364996472569,0.0227390180878553,0.0,0.0,0.0,0.0,0.0,0.0,0.0,0.0,0.0,0.0,0.0,0.0,41.4,16.959952830123083,44.0,0.0,0.0,0.0,0.0,0.0,0.0,0.0,0.0,0.0,0.0,0.0,0.0,0.0,0.0,0.0,722.4,40.034651657449615,718.0,0.0,0.0,0.0,0.0,0.0,0.0,0.0,0.0,0.0,0.0,0.0,0.0,0.0,0.0,0.0,994.1,11.78516016013359,991.0,0.0,0.0,0.0,0.0,0.0,0.0,0.0,0.0,0.0,0.0,0.0,0.0,0.0,0.0,0.0,736.3,32.73698214557964,740.0,0.0,0.0,0.0,0.0,0.0,0.0,0.0,0.0,0.0,0.0,0.0,0.0,0.0,0.0,0.0,742.2,35.973045464625315,743.0,0.0,0.0,0.0,0.0,0.0,0.0,0.0,0.0,0.0,0.0,0.0,0.0,0.0,0.0,0.0,735.9,30.81055014114484,735.5
0.2,0.07,,,0.15,0.22,0.9,baro,train-ticket,100,0,1.61,False,False,1,SFlexRCA,Robust,0.9,0.32,0.0,0.0,0.0,0.0,0.0,0.0,0.0,0.0,0.0,0.0,0.0,0.0,rank,0.3287378903295858,0.3398925065502132,0.1428571428571428,0.1764705882352941,0.3812200410828152,0.0,0.3529411764705882,0.4778846120374095,0.0,0.4235294117647059,0.4941176470588235,0.0,0.3099881368749527,0.3937826519241538,0.0,7.623529411764705,6.0972056677643165,7.0,0.0,0.0,0.0,0.0,0.0,0.0,0.0,0.0,0.0,0.0,0.0,0.0,0.0,0.0,0.0,748.2117647058824,124.28563819521425,696.0,0.1962087912087912,0.2393717692733092,0.1111111111111111,0.0666666666666666,0.2494438257849294,0.0,0.1333333333333333,0.339934634239519,0.0,0.2666666666666666,0.4422166387140533,0.0,0.160309024536036,0.2957361202893327,0.0,9.333333333333334,4.9216076867444665,9.0,0.7833333333333333,0.2692582403567252,1.0,0.6,0.4898979485566356,1.0,1.0,0.0,1.0,1.0,0.0,1.0,0.8392789260714373,0.2000814594981178,1.0,1.5,0.6708203932499369,1.0,0.1367117604617604,0.1024762699624187,0.1055555555555555,0.0,0.0,0.0,0.1,0.3,0.0,0.1,0.3,0.0,0.0565464876785728,0.170897959110997,0.0,9.75,4.085033659592048,9.5,0.2090373515373515,0.2241101079319489,0.1111111111111111,0.05,0.2179449471770336,0.0,0.2,0.4000000000000001,0.0,0.35,0.4769696007084728,0.0,0.1983120839842695,0.2953289302967317,0.0,9.15,5.833309523760932,9.0,0.241793990323402,0.2827602196679311,0.1111111111111111,0.1,0.3,0.0,0.2,0.4000000000000001,0.0,0.3,0.458257569495584,0.0,0.206160631164485,0.3403722364110058,0.0,10.0,8.8656641037206,9.0,0.0,0.0,0.0,0.0,0.0,0.0,0.0,0.0,0.0,0.0,0.0,0.0,0.0,0.0,0.0,673.2,39.17856556843295,662.0,0.0,0.0,0.0,0.0,0.0,0.0,0.0,0.0,0.0,0.0,0.0,0.0,0.0,0.0,0.0,964.9,10.192644406629714,967.0,0.0,0.0,0.0,0.0,0.0,0.0,0.0,0.0,0.0,0.0,0.0,0.0,0.0,0.0,0.0,683.5,29.03360122341009,686.5,0.0,0.0,0.0,0.0,0.0,0.0,0.0,0.0,0.0,0.0,0.0,0.0,0.0,0.0,0.0,684.2,41.461548451547245,696.0,0.0,0.0,0.0,0.0,0.0,0.0,0.0,0.0,0.0,0.0,0.0,0.0,0.0,0.0,0.0,684.8,26.936220967314625,677.5
0.59,0.87,,,0.64,0.44,1.0,nsigma,train-ticket,100,0,1.22,False,False,1,SFlexRCA,Robust,0.0,0.0,0.0,0.0,0.0,0.0,0.0,0.0,0.0,0.0,0.0,0.0,0.0,0.0,rank,0.6883492612731368,0.3610403109594515,1.0,0.5529411764705883,0.4971893319791868,1.0,0.7647058823529411,0.4241825029957635,1.0,0.8823529411764706,0.3221897397089212,1.0,0.7253976925811431,0.346841227514548,1.0,2.9647058823529413,5.655704166536397,1.0,0.0,0.0,0.0,0.0,0.0,0.0,0.0,0.0,0.0,0.0,0.0,0.0,0.0,0.0,0.0,748.2117647058824,124.28563819521425,696.0,0.6096296296296297,0.3793131472132676,0.5,0.4666666666666667,0.4988876515698588,0.0,0.6,0.4898979485566357,1.0,0.8,0.4,1.0,0.6340043620349495,0.3904989484839846,0.6309297535714575,3.0,2.449489742783178,2.0,1.0,0.0,1.0,1.0,0.0,1.0,1.0,0.0,1.0,1.0,0.0,1.0,1.0,0.0,1.0,1.0,0.0,1.0,0.7666666666666666,0.2941560432453798,1.0,0.6,0.4898979485566356,1.0,0.9,0.3,1.0,1.0,0.0,1.0,0.8258000942002038,0.2205006183024533,1.0,1.65,0.9630680142129112,1.0,0.4834722222222222,0.3206552836876232,0.3333333333333333,0.25,0.4330127018922193,0.0,0.7,0.4582575694955839,1.0,0.85,0.3570714214271425,1.0,0.5592138717994728,0.3191278435755453,0.5,3.3,2.282542442102665,3.0,0.4362464985994398,0.3874832325888555,0.225,0.3,0.4582575694955839,0.0,0.4,0.4898979485566356,0.0,0.6,0.4898979485566356,1.0,0.4448459118879392,0.418847334102392,0.4087646826539673,8.8,14.323407415835105,4.5,0.0,0.0,0.0,0.0,0.0,0.0,0.0,0.0,0.0,0.0,0.0,0.0,0.0,0.0,0.0,673.2,39.17856556843295,662.0,0.0,0.0,0.0,0.0,0.0,0.0,0.0,0.0,0.0,0.0,0.0,0.0,0.0,0.0,0.0,964.9,10.192644406629714,967.0,0.0,0.0,0.0,0.0,0.0,0.0,0.0,0.0,0.0,0.0,0.0,0.0,0.0,0.0,0.0,683.5,29.03360122341009,686.5,0.0,0.0,0.0,0.0,0.0,0.0,0.0,0.0,0.0,0.0,0.0,0.0,0.0,0.0,0.0,684.2,41.461548451547245,696.0,0.0,0.0,0.0,0.0,0.0,0.0,0.0,0.0,0.0,0.0,0.0,0.0,0.0,0.0,0.0,684.8,26.936220967314625,677.5
0.04,0.02,,,0.08,0.0,0.05,dummy,train-ticket,100,0,0.56,False,False,1,SFlexRCA,Robust,0.0,0.0,0.0,0.0,0.0,0.0,0.0,0.0,0.0,0.0,0.0,0.0,0.0,0.0,rank,0.0758449970399379,0.1249210040006134,0.037037037037037,0.0117647058823529,0.1078253104695492,0.0,0.0352941176470588,0.1845222016630367,0.0,0.0705882352941176,0.2561357771420852,0.0,0.0397545373759151,0.1547048829294084,0.0,28.023529411764702,17.134743837209296,27.0,0.0,0.0,0.0,0.0,0.0,0.0,0.0,0.0,0.0,0.0,0.0,0.0,0.0,0.0,0.0,795.8470588235294,114.53450606513644,745.0,0.1294502893683082,0.2368156397277208,0.0588235294117647,0.0666666666666666,0.2494438257849294,0.0,0.0666666666666666,0.2494438257849294,0.0,0.1333333333333333,0.339934634239519,0.0,0.0924568538156361,0.2609509592756152,0.0,20.933333333333334,15.34695047522109,17.0,0.08821511873384,0.0794165475672681,0.0590277777777777,0.0,0.0,0.0,0.05,0.2179449471770336,0.0,0.1,0.3,0.0,0.0465338279036696,0.1400311313398877,0.0,20.9,14.421858410066296,17.0,0.0522183672062704,0.0512049705194967,0.034647550776583,0.0,0.0,0.0,0.0,0.0,0.0,0.05,0.2179449471770336,0.0,0.0215338279036696,0.0938637796996923,0.0,30.05,15.33451988162655,29.0,0.0664216029521765,0.1052867375558682,0.0294372294372294,0.0,0.0,0.0,0.05,0.2179449471770336,0.0,0.05,0.2179449471770336,0.0,0.0315464876785728,0.1375079518145501,0.0,31.75,16.979031185553552,34.0,0.0367968630024356,0.0325364996472569,0.0227390180878553,0.0,0.0,0.0,0.0,0.0,0.0,0.0,0.0,0.0,0.0,0.0,0.0,41.4,16.959952830123083,44.0,0.0,0.0,0.0,0.0,0.0,0.0,0.0,0.0,0.0,0.0,0.0,0.0,0.0,0.0,0.0,722.4,40.034651657449615,718.0,0.0,0.0,0.0,0.0,0.0,0.0,0.0,0.0,0.0,0.0,0.0,0.0,0.0,0.0,0.0,994.1,11.78516016013359,991.0,0.0,0.0,0.0,0.0,0.0,0.0,0.0,0.0,0.0,0.0,0.0,0.0,0.0,0.0,0.0,736.3,32.73698214557964,740.0,0.0,0.0,0.0,0.0,0.0,0.0,0.0,0.0,0.0,0.0,0.0,0.0,0.0,0.0,0.0,742.2,35.973045464625315,743.0,0.0,0.0,0.0,0.0,0.0,0.0,0.0,0.0,0.0,0.0,0.0,0.0,0.0,0.0,0.0,735.9,30.81055014114484,735.5
0.04,0.0,,,0.0,0.0,0.08,RMDnet,train-ticket,100,0,30.0,False,False,2,Fits,Robust,7.55,1.6,21.77,5.99,56.0,0.0,56.0,0.0,0.0,0.0,88.18,6.34,0.0,0.0,rank,0.0466114157685365,0.0637219366361142,0.0212765957446808,0.0,0.0,0.0,0.0117647058823529,0.1078253104695492,0.0,0.0705882352941176,0.2561357771420852,0.0,0.0307006945826836,0.1117491418623711,0.0,41.48235294117647,18.88890851933756,47.0,0.0,0.0,0.0,0.0,0.0,0.0,0.0,0.0,0.0,0.0,0.0,0.0,0.0,0.0,0.0,795.8470588235294,114.53450606513644,745.0,0.0219807320872527,0.0075315049673042,0.02,0.0,0.0,0.0,0.0,0.0,0.0,0.0,0.0,0.0,0.0,0.0,0.0,49.46666666666667,12.203096146288267,50.0,0.0861936685888908,0.0942268913357767,0.0383522727272727,0.0,0.0,0.0,0.05,0.2179449471770336,0.0,0.2,0.4000000000000001,0.0,0.0874102961690664,0.1757567199690892,0.0,30.35,21.654733893539305,27.0,0.0222188403915583,0.0092268220692263,0.0206382978723404,0.0,0.0,0.0,0.0,0.0,0.0,0.0,0.0,0.0,0.0,0.0,0.0,49.45,12.17979884891372,48.5,0.0575118359668284,0.0700043996458565,0.0256578947368421,0.0,0.0,0.0,0.0,0.0,0.0,0.1,0.3,0.0,0.0430676558073393,0.1292029674220179,0.0,36.5,19.835574103110805,39.0,0.031377246007126,0.0315736492961709,0.0208423795049934,0.0,0.0,0.0,0.0,0.0,0.0,0.0,0.0,0.0,0.0,0.0,0.0,45.8,15.784802817900514,48.0,0.0,0.0,0.0,0.0,0.0,0.0,0.0,0.0,0.0,0.0,0.0,0.0,0.0,0.0,0.0,722.4,40.034651657449615,718.0,0.0,0.0,0.0,0.0,0.0,0.0,0.0,0.0,0.0,0.0,0.0,0.0,0.0,0.0,0.0,994.1,11.78516016013359,991.0,0.0,0.0,0.0,0.0,0.0,0.0,0.0,0.0,0.0,0.0,0.0,0.0,0.0,0.0,0.0,736.3,32.73698214557964,740.0,0.0,0.0,0.0,0.0,0.0,0.0,0.0,0.0,0.0,0.0,0.0,0.0,0.0,0.0,0.0,742.2,35.973045464625315,743.0,0.0,0.0,0.0,0.0,0.0,0.0,0.0,0.0,0.0,0.0,0.0,0.0,0.0,0.0,0.0,735.9,30.81055014114484,735.5
0.0,0.0,,,0.0,0.0,0.04,RMDnet,train-ticket,100,0,27.97,False,False,2,Dlinear,Robust,6.05,1.45,21.27,4.9,312.0,0.0,312.0,0.0,0.0,0.0,82.58,6.29,0.0,0.0,rank,0.0406252513935021,0.0587049144166611,0.0212765957446808,0.0,0.0,0.0,0.0117647058823529,0.1078253104695491,0.0,0.0117647058823529,0.1078253104695491,0.0,0.0074227029831936,0.0680301965633185,0.0,41.63529411764706,19.267068557407683,47.0,0.0,0.0,0.0,0.0,0.0,0.0,0.0,0.0,0.0,0.0,0.0,0.0,0.0,0.0,0.0,795.8470588235294,114.53450606513644,745.0,0.0437836139295013,0.0300376726161979,0.0212765957446808,0.0,0.0,0.0,0.0,0.0,0.0,0.0,0.0,0.0,0.0,0.0,0.0,36.4,20.43461116178464,47.0,0.0644211686334359,0.1069803766925887,0.0300179211469534,0.0,0.0,0.0,0.05,0.2179449471770336,0.0,0.05,0.2179449471770336,0.0,0.0315464876785728,0.1375079518145501,0.0,36.6,20.74222745994268,33.5,0.0279780896711314,0.0184388853415211,0.0215078630897317,0.0,0.0,0.0,0.0,0.0,0.0,0.0,0.0,0.0,0.0,0.0,0.0,45.65,17.3068628006349,46.5,0.0324718867602436,0.0342855820956734,0.019419306184012,0.0,0.0,0.0,0.0,0.0,0.0,0.0,0.0,0.0,0.0,0.0,0.0,45.9,17.273968854898403,51.5,0.0298969258208939,0.0174321560417189,0.0202205882352941,0.0,0.0,0.0,0.0,0.0,0.0,0.0,0.0,0.0,0.0,0.0,0.0,43.0,17.618172436436193,49.5,0.0,0.0,0.0,0.0,0.0,0.0,0.0,0.0,0.0,0.0,0.0,0.0,0.0,0.0,0.0,722.4,40.034651657449615,718.0,0.0,0.0,0.0,0.0,0.0,0.0,0.0,0.0,0.0,0.0,0.0,0.0,0.0,0.0,0.0,994.1,11.78516016013359,991.0,0.0,0.0,0.0,0.0,0.0,0.0,0.0,0.0,0.0,0.0,0.0,0.0,0.0,0.0,0.0,736.3,32.73698214557964,740.0,0.0,0.0,0.0,0.0,0.0,0.0,0.0,0.0,0.0,0.0,0.0,0.0,0.0,0.0,0.0,742.2,35.973045464625315,743.0,0.0,0.0,0.0,0.0,0.0,0.0,0.0,0.0,0.0,0.0,0.0,0.0,0.0,0.0,0.0,735.9,30.81055014114484,735.5
0.99,0.99,,,0.56,0.4,0.98,RMDnet,train-ticket,100,0,22.64,False,True,1,SFlexRCA,Standard2,2.02,1.63,19.31,4.55,222936.85,29320.83,222936.85,29320.83,0.85,0.11,88.01,6.32,0.0,0.0,rank,0.8229347123464772,0.3194454012806969,1.0,0.7529411764705882,0.4313012418781967,1.0,0.8352941176470589,0.3709148887161045,1.0,0.9058823529411764,0.2919923210821378,1.0,0.8342696484913278,0.3193237139319826,1.0,2.294117647058824,4.495287805774776,1.0,0.0,0.0,0.0,0.0,0.0,0.0,0.0,0.0,0.0,0.0,0.0,0.0,0.0,0.0,0.0,795.8470588235294,114.53450606513644,745.0,0.5053968253968254,0.3662329600169426,0.25,0.3333333333333333,0.4714045207910317,0.0,0.4666666666666667,0.4988876515698588,0.0,0.8,0.4,1.0,0.5580945697780687,0.3665774825606897,0.430676558073393,3.8,3.3306655991458123,4.0,0.95,0.15,1.0,0.9,0.3,1.0,1.0,0.0,1.0,1.0,0.0,1.0,0.9630929753571458,0.1107210739285627,1.0,1.1,0.3,1.0,0.975,0.1089724735885168,1.0,0.95,0.2179449471770337,1.0,1.0,0.0,1.0,1.0,0.0,1.0,0.9815464876785728,0.0804369953624834,1.0,1.05,0.2179449471770337,1.0,0.975,0.1089724735885168,1.0,0.95,0.2179449471770337,1.0,1.0,0.0,1.0,1.0,0.0,1.0,0.9815464876785728,0.0804369953624834,1.0,1.05,0.2179449471770337,1.0,0.4368498168498169,0.3854894724862636,0.1833333333333333,0.3,0.4582575694955839,0.0,0.4,0.4898979485566356,0.0,0.5,0.5,0.5,0.4017782560805999,0.4397123807462446,0.1934264036172708,7.4,10.781465577554844,5.5,0.0,0.0,0.0,0.0,0.0,0.0,0.0,0.0,0.0,0.0,0.0,0.0,0.0,0.0,0.0,722.4,40.034651657449615,718.0,0.0,0.0,0.0,0.0,0.0,0.0,0.0,0.0,0.0,0.0,0.0,0.0,0.0,0.0,0.0,994.1,11.78516016013359,991.0,0.0,0.0,0.0,0.0,0.0,0.0,0.0,0.0,0.0,0.0,0.0,0.0,0.0,0.0,0.0,736.3,32.73698214557964,740.0,0.0,0.0,0.0,0.0,0.0,0.0,0.0,0.0,0.0,0.0,0.0,0.0,0.0,0.0,0.0,742.2,35.973045464625315,743.0,0.0,0.0,0.0,0.0,0.0,0.0,0.0,0.0,0.0,0.0,0.0,0.0,0.0,0.0,0.0,735.9,30.81055014114484,735.5
0.99,0.97,,,0.39,0.22,1.0,RMDnet,train-ticket,100,0,22.89,False,True,1,SFlexRCA,Robust2,1.87,0.45,19.41,5.45,206360.85,29320.83,206360.85,29320.83,0.79,0.11,85.59,5.92,0.0,0.0,rank,0.7670467166132802,0.3528351083369014,1.0,0.6823529411764706,0.4655613867625737,1.0,0.8117647058823529,0.3908999464902624,1.0,0.8705882352941177,0.3356551204161671,1.0,0.7811128948471973,0.3549471215119694,1.0,2.6823529411764704,4.579267253755221,1.0,0.0,0.0,0.0,0.0,0.0,0.0,0.0,0.0,0.0,0.0,0.0,0.0,0.0,0.0,0.0,795.8470588235294,114.53450606513644,745.0,0.3416955266955266,0.2866361893950433,0.2,0.1333333333333333,0.339934634239519,0.0,0.4,0.4898979485566356,0.0,0.6666666666666666,0.4714045207910317,1.0,0.3902062991279955,0.3313284323010086,0.3868528072345416,5.0,3.245509718570156,5.0,1.0,0.0,1.0,1.0,0.0,1.0,1.0,0.0,1.0,1.0,0.0,1.0,1.0,0.0,1.0,1.0,0.0,1.0,0.925,0.1785357107135712,1.0,0.85,0.3570714214271425,1.0,1.0,0.0,1.0,1.0,0.0,1.0,0.9446394630357188,0.1317844374987054,1.0,1.15,0.3570714214271425,1.0,0.975,0.1089724735885168,1.0,0.95,0.2179449471770337,1.0,1.0,0.0,1.0,1.0,0.0,1.0,0.9815464876785728,0.0804369953624834,1.0,1.05,0.2179449471770337,1.0,0.2073538011695906,0.133727584283614,0.1666666666666666,0.0,0.0,0.0,0.3,0.4582575694955839,0.0,0.4,0.4898979485566356,0.0,0.2017782560805999,0.2530973729886788,0.0,8.9,9.984487968844473,6.0,0.0,0.0,0.0,0.0,0.0,0.0,0.0,0.0,0.0,0.0,0.0,0.0,0.0,0.0,0.0,722.4,40.034651657449615,718.0,0.0,0.0,0.0,0.0,0.0,0.0,0.0,0.0,0.0,0.0,0.0,0.0,0.0,0.0,0.0,994.1,11.78516016013359,991.0,0.0,0.0,0.0,0.0,0.0,0.0,0.0,0.0,0.0,0.0,0.0,0.0,0.0,0.0,0.0,736.3,32.73698214557964,740.0,0.0,0.0,0.0,0.0,0.0,0.0,0.0,0.0,0.0,0.0,0.0,0.0,0.0,0.0,0.0,742.2,35.973045464625315,743.0,0.0,0.0,0.0,0.0,0.0,0.0,0.0,0.0,0.0,0.0,0.0,0.0,0.0,0.0,0.0,735.9,30.81055014114484,735.5
0.99,0.99,,,0.63,0.3,1.0,RMDnet,train-ticket,100,0,22.13,False,True,1,SFlexRCA,Standard,1.8,0.31,18.86,4.96,206360.85,29320.83,206360.85,29320.83,0.79,0.11,85.59,5.92,0.0,0.0,rank,0.8264427418026032,0.3241967463608833,1.0,0.7647058823529411,0.4241825029957635,1.0,0.8588235294117647,0.3482034961634998,1.0,0.9058823529411764,0.2919923210821378,1.0,0.8397272176612444,0.3178203099019961,1.0,2.717647058823529,5.637295481524874,1.0,0.0,0.0,0.0,0.0,0.0,0.0,0.0,0.0,0.0,0.0,0.0,0.0,0.0,0.0,0.0,795.8470588235294,114.53450606513644,745.0,0.5604444444444444,0.3782505864804964,0.5,0.4,0.4898979485566356,0.0,0.6666666666666666,0.4714045207910317,1.0,0.8,0.4,1.0,0.6052925914967233,0.377323493412075,0.6309297535714575,4.4,5.975505557412416,2.0,1.0,0.0,1.0,1.0,0.0,1.0,1.0,0.0,1.0,1.0,0.0,1.0,1.0,0.0,1.0,1.0,0.0,1.0,0.975,0.1089724735885168,1.0,0.95,0.2179449471770337,1.0,1.0,0.0,1.0,1.0,0.0,1.0,0.9815464876785728,0.0804369953624834,1.0,1.05,0.2179449471770337,1.0,0.975,0.1089724735885168,1.0,0.95,0.2179449471770337,1.0,1.0,0.0,1.0,1.0,0.0,1.0,0.9815464876785728,0.0804369953624834,1.0,1.05,0.2179449471770337,1.0,0.2840966386554621,0.287187277278328,0.1833333333333333,0.1,0.3,0.0,0.3,0.4582575694955839,0.0,0.5,0.5,0.5,0.3035565121611998,0.342635277818739,0.1934264036172708,10.3,11.730728877610291,5.5,0.0,0.0,0.0,0.0,0.0,0.0,0.0,0.0,0.0,0.0,0.0,0.0,0.0,0.0,0.0,722.4,40.034651657449615,718.0,0.0,0.0,0.0,0.0,0.0,0.0,0.0,0.0,0.0,0.0,0.0,0.0,0.0,0.0,0.0,994.1,11.78516016013359,991.0,0.0,0.0,0.0,0.0,0.0,0.0,0.0,0.0,0.0,0.0,0.0,0.0,0.0,0.0,0.0,736.3,32.73698214557964,740.0,0.0,0.0,0.0,0.0,0.0,0.0,0.0,0.0,0.0,0.0,0.0,0.0,0.0,0.0,0.0,742.2,35.973045464625315,743.0,0.0,0.0,0.0,0.0,0.0,0.0,0.0,0.0,0.0,0.0,0.0,0.0,0.0,0.0,0.0,735.9,30.81055014114484,735.5
1.0,0.98,,,0.43,0.28,0.99,RMDnet,train-ticket,100,0,26.96,False,True,2,SFlexRCA,Robust,2.12,0.65,23.06,6.43,206360.85,29320.83,206360.85,29320.83,0.79,0.11,85.59,5.92,0.0,0.0,rank,0.7802331809916948,0.3499852474258889,1.0,0.7058823529411765,0.4556450995538137,1.0,0.8,0.4000000000000001,1.0,0.8941176470588236,0.3076869842499299,1.0,0.8001460438913732,0.3383819972006324,1.0,2.9529411764705884,5.848893072454854,1.0,0.0,0.0,0.0,0.0,0.0,0.0,0.0,0.0,0.0,0.0,0.0,0.0,0.0,0.0,0.0,795.8470588235294,114.53450606513644,745.0,0.3683764967975494,0.3348158248812858,0.25,0.2,0.4,0.0,0.3333333333333333,0.4714045207910317,0.0,0.7333333333333333,0.4422166387140533,1.0,0.4418227733556075,0.3426564156443401,0.430676558073393,7.133333333333334,8.693803668258344,4.0,0.975,0.1089724735885168,1.0,0.95,0.2179449471770337,1.0,1.0,0.0,1.0,1.0,0.0,1.0,0.9815464876785728,0.0804369953624834,1.0,1.05,0.2179449471770337,1.0,0.95,0.15,1.0,0.9,0.3,1.0,1.0,0.0,1.0,1.0,0.0,1.0,0.9630929753571458,0.1107210739285627,1.0,1.1,0.3,1.0,1.0,0.0,1.0,1.0,0.0,1.0,1.0,0.0,1.0,1.0,0.0,1.0,1.0,0.0,1.0,1.0,0.0,1.0,0.2294172932330827,0.1277421298846878,0.2083333333333333,0.0,0.0,0.0,0.3,0.4582575694955839,0.0,0.5,0.5,0.5,0.2492282869718243,0.2545367476457042,0.2153382790366965,8.1,10.13360745243272,5.0,0.0,0.0,0.0,0.0,0.0,0.0,0.0,0.0,0.0,0.0,0.0,0.0,0.0,0.0,0.0,722.4,40.034651657449615,718.0,0.0,0.0,0.0,0.0,0.0,0.0,0.0,0.0,0.0,0.0,0.0,0.0,0.0,0.0,0.0,994.1,11.78516016013359,991.0,0.0,0.0,0.0,0.0,0.0,0.0,0.0,0.0,0.0,0.0,0.0,0.0,0.0,0.0,0.0,736.3,32.73698214557964,740.0,0.0,0.0,0.0,0.0,0.0,0.0,0.0,0.0,0.0,0.0,0.0,0.0,0.0,0.0,0.0,742.2,35.973045464625315,743.0,0.0,0.0,0.0,0.0,0.0,0.0,0.0,0.0,0.0,0.0,0.0,0.0,0.0,0.0,0.0,735.9,30.81055014114484,735.5
1.0,0.99,,,0.55,0.42,1.0,RMDnet,train-ticket,100,0,26.91,False,True,2,SFlexRCA,Standard,2.13,0.58,22.86,6.62,206360.85,29320.83,206360.85,29320.83,0.79,0.11,85.59,5.92,0.0,0.0,rank,0.8431009916241454,0.3214808045533266,1.0,0.8,0.4000000000000001,1.0,0.8588235294117647,0.3482034961634998,1.0,0.8941176470588236,0.3076869842499299,1.0,0.8476864433225646,0.3265602605200398,1.0,2.8705882352941177,6.708709414404563,1.0,0.0,0.0,0.0,0.0,0.0,0.0,0.0,0.0,0.0,0.0,0.0,0.0,0.0,0.0,0.0,795.8470588235294,114.53450606513644,745.0,0.5230057413036137,0.4054271986886184,0.3333333333333333,0.4,0.4898979485566356,0.0,0.6,0.4898979485566357,1.0,0.6666666666666666,0.4714045207910317,1.0,0.5345188373870666,0.4291131657719725,0.5,6.933333333333334,11.357621034158322,3.0,1.0,0.0,1.0,1.0,0.0,1.0,1.0,0.0,1.0,1.0,0.0,1.0,1.0,0.0,1.0,1.0,0.0,1.0,0.975,0.1089724735885168,1.0,0.95,0.2179449471770337,1.0,1.0,0.0,1.0,1.0,0.0,1.0,0.9815464876785728,0.0804369953624834,1.0,1.05,0.2179449471770337,1.0,1.0,0.0,1.0,1.0,0.0,1.0,1.0,0.0,1.0,1.0,0.0,1.0,1.0,0.0,1.0,1.0,0.0,1.0,0.4318498168498168,0.38998015392469,0.2,0.3,0.4582575694955839,0.0,0.4,0.4898979485566356,0.0,0.6,0.4898979485566356,1.0,0.4404635368040541,0.4192017736523628,0.3868528072345416,7.9,10.87612063191651,5.0,0.0,0.0,0.0,0.0,0.0,0.0,0.0,0.0,0.0,0.0,0.0,0.0,0.0,0.0,0.0,722.4,40.034651657449615,718.0,0.0,0.0,0.0,0.0,0.0,0.0,0.0,0.0,0.0,0.0,0.0,0.0,0.0,0.0,0.0,994.1,11.78516016013359,991.0,0.0,0.0,0.0,0.0,0.0,0.0,0.0,0.0,0.0,0.0,0.0,0.0,0.0,0.0,0.0,736.3,32.73698214557964,740.0,0.0,0.0,0.0,0.0,0.0,0.0,0.0,0.0,0.0,0.0,0.0,0.0,0.0,0.0,0.0,742.2,35.973045464625315,743.0,0.0,0.0,0.0,0.0,0.0,0.0,0.0,0.0,0.0,0.0,0.0,0.0,0.0,0.0,0.0,735.9,30.81055014114484,735.5
0.2,0.07,,,0.15,0.22,0.9,baro,train-ticket,100,0,1.66,False,False,2,iTransformer,Robust,0.93,0.39,0.0,0.0,0.0,0.0,0.0,0.0,0.0,0.0,0.0,0.0,0.0,0.0,rank,0.3287378903295858,0.3398925065502132,0.1428571428571428,0.1764705882352941,0.3812200410828152,0.0,0.3529411764705882,0.4778846120374095,0.0,0.4235294117647059,0.4941176470588235,0.0,0.3099881368749527,0.3937826519241538,0.0,7.623529411764705,6.0972056677643165,7.0,0.0,0.0,0.0,0.0,0.0,0.0,0.0,0.0,0.0,0.0,0.0,0.0,0.0,0.0,0.0,748.2117647058824,124.28563819521425,696.0,0.1962087912087912,0.2393717692733092,0.1111111111111111,0.0666666666666666,0.2494438257849294,0.0,0.1333333333333333,0.339934634239519,0.0,0.2666666666666666,0.4422166387140533,0.0,0.160309024536036,0.2957361202893327,0.0,9.333333333333334,4.9216076867444665,9.0,0.7833333333333333,0.2692582403567252,1.0,0.6,0.4898979485566356,1.0,1.0,0.0,1.0,1.0,0.0,1.0,0.8392789260714373,0.2000814594981178,1.0,1.5,0.6708203932499369,1.0,0.1367117604617604,0.1024762699624187,0.1055555555555555,0.0,0.0,0.0,0.1,0.3,0.0,0.1,0.3,0.0,0.0565464876785728,0.170897959110997,0.0,9.75,4.085033659592048,9.5,0.2090373515373515,0.2241101079319489,0.1111111111111111,0.05,0.2179449471770336,0.0,0.2,0.4000000000000001,0.0,0.35,0.4769696007084728,0.0,0.1983120839842695,0.2953289302967317,0.0,9.15,5.833309523760932,9.0,0.241793990323402,0.2827602196679311,0.1111111111111111,0.1,0.3,0.0,0.2,0.4000000000000001,0.0,0.3,0.458257569495584,0.0,0.206160631164485,0.3403722364110058,0.0,10.0,8.8656641037206,9.0,0.0,0.0,0.0,0.0,0.0,0.0,0.0,0.0,0.0,0.0,0.0,0.0,0.0,0.0,0.0,673.2,39.17856556843295,662.0,0.0,0.0,0.0,0.0,0.0,0.0,0.0,0.0,0.0,0.0,0.0,0.0,0.0,0.0,0.0,964.9,10.192644406629714,967.0,0.0,0.0,0.0,0.0,0.0,0.0,0.0,0.0,0.0,0.0,0.0,0.0,0.0,0.0,0.0,683.5,29.03360122341009,686.5,0.0,0.0,0.0,0.0,0.0,0.0,0.0,0.0,0.0,0.0,0.0,0.0,0.0,0.0,0.0,684.2,41.461548451547245,696.0,0.0,0.0,0.0,0.0,0.0,0.0,0.0,0.0,0.0,0.0,0.0,0.0,0.0,0.0,0.0,684.8,26.936220967314625,677.5
0.59,0.87,,,0.64,0.44,1.0,nsigma,train-ticket,100,0,1.21,False,False,2,iTransformer,Robust,0.0,0.0,0.0,0.0,0.0,0.0,0.0,0.0,0.0,0.0,0.0,0.0,0.0,0.0,rank,0.6883492612731368,0.3610403109594515,1.0,0.5529411764705883,0.4971893319791868,1.0,0.7647058823529411,0.4241825029957635,1.0,0.8823529411764706,0.3221897397089212,1.0,0.7253976925811431,0.346841227514548,1.0,2.9647058823529413,5.655704166536397,1.0,0.0,0.0,0.0,0.0,0.0,0.0,0.0,0.0,0.0,0.0,0.0,0.0,0.0,0.0,0.0,748.2117647058824,124.28563819521425,696.0,0.6096296296296297,0.3793131472132676,0.5,0.4666666666666667,0.4988876515698588,0.0,0.6,0.4898979485566357,1.0,0.8,0.4,1.0,0.6340043620349495,0.3904989484839846,0.6309297535714575,3.0,2.449489742783178,2.0,1.0,0.0,1.0,1.0,0.0,1.0,1.0,0.0,1.0,1.0,0.0,1.0,1.0,0.0,1.0,1.0,0.0,1.0,0.7666666666666666,0.2941560432453798,1.0,0.6,0.4898979485566356,1.0,0.9,0.3,1.0,1.0,0.0,1.0,0.8258000942002038,0.2205006183024533,1.0,1.65,0.9630680142129112,1.0,0.4834722222222222,0.3206552836876232,0.3333333333333333,0.25,0.4330127018922193,0.0,0.7,0.4582575694955839,1.0,0.85,0.3570714214271425,1.0,0.5592138717994728,0.3191278435755453,0.5,3.3,2.282542442102665,3.0,0.4362464985994398,0.3874832325888555,0.225,0.3,0.4582575694955839,0.0,0.4,0.4898979485566356,0.0,0.6,0.4898979485566356,1.0,0.4448459118879392,0.418847334102392,0.4087646826539673,8.8,14.323407415835105,4.5,0.0,0.0,0.0,0.0,0.0,0.0,0.0,0.0,0.0,0.0,0.0,0.0,0.0,0.0,0.0,673.2,39.17856556843295,662.0,0.0,0.0,0.0,0.0,0.0,0.0,0.0,0.0,0.0,0.0,0.0,0.0,0.0,0.0,0.0,964.9,10.192644406629714,967.0,0.0,0.0,0.0,0.0,0.0,0.0,0.0,0.0,0.0,0.0,0.0,0.0,0.0,0.0,0.0,683.5,29.03360122341009,686.5,0.0,0.0,0.0,0.0,0.0,0.0,0.0,0.0,0.0,0.0,0.0,0.0,0.0,0.0,0.0,684.2,41.461548451547245,696.0,0.0,0.0,0.0,0.0,0.0,0.0,0.0,0.0,0.0,0.0,0.0,0.0,0.0,0.0,0.0,684.8,26.936220967314625,677.5
0.0,0.0,,,0.0,0.0,0.0,causalrca,train-ticket,100,0,25.97,False,False,1,iTransformer,Robust,25.18,43.11,0.01,0.0,1290188.0,390652.65,1290188.0,390652.65,9.84,2.98,1500.09,82.67,0.0,0.0,rank,0.0378964538923112,0.0341791571359668,0.0232558139534883,0.0,0.0,0.0,0.0,0.0,0.0,0.0,0.0,0.0,0.0,0.0,0.0,40.25882352941176,16.555896721802046,43.0,0.0,0.0,0.0,0.0,0.0,0.0,0.0,0.0,0.0,0.0,0.0,0.0,0.0,0.0,0.0,795.8470588235294,114.53450606513644,745.0,0.0494603218817055,0.0435955323980669,0.0192307692307692,0.0,0.0,0.0,0.0,0.0,0.0,0.0,0.0,0.0,0.0,0.0,0.0,38.8,21.103554203024668,52.0,0.0445348021998965,0.0387473688041604,0.024585477415666,0.0,0.0,0.0,0.0,0.0,0.0,0.0,0.0,0.0,0.0,0.0,0.0,37.75,18.806581294855267,43.0,0.0461639986123037,0.037733370602363,0.027056277056277,0.0,0.0,0.0,0.0,0.0,0.0,0.0,0.0,0.0,0.0,0.0,0.0,34.05,16.104269620196998,37.5,0.0228667403150454,0.0050910603015315,0.0212432915921288,0.0,0.0,0.0,0.0,0.0,0.0,0.0,0.0,0.0,0.0,0.0,0.0,45.75,9.15901195544585,47.5,0.0207982930075953,0.0026915280167106,0.0208871662360034,0.0,0.0,0.0,0.0,0.0,0.0,0.0,0.0,0.0,0.0,0.0,0.0,48.9,6.331666447310692,48.5,0.0,0.0,0.0,0.0,0.0,0.0,0.0,0.0,0.0,0.0,0.0,0.0,0.0,0.0,0.0,722.4,40.034651657449615,718.0,0.0,0.0,0.0,0.0,0.0,0.0,0.0,0.0,0.0,0.0,0.0,0.0,0.0,0.0,0.0,994.1,11.78516016013359,991.0,0.0,0.0,0.0,0.0,0.0,0.0,0.0,0.0,0.0,0.0,0.0,0.0,0.0,0.0,0.0,736.3,32.73698214557964,740.0,0.0,0.0,0.0,0.0,0.0,0.0,0.0,0.0,0.0,0.0,0.0,0.0,0.0,0.0,0.0,742.2,35.973045464625315,743.0,0.0,0.0,0.0,0.0,0.0,0.0,0.0,0.0,0.0,0.0,0.0,0.0,0.0,0.0,0.0,735.9,30.81055014114484,735.5
0.0,0.0,,,0.0,0.0,0.0,causalrca,train-ticket,100,0,24.8,False,False,2,iTransformer,Robust,24.01,51.7,0.01,0.0,1290188.0,390652.65,1290188.0,390652.65,9.84,2.98,1499.83,82.8,0.0,0.0,rank,0.0378964538923112,0.0341791571359668,0.0232558139534883,0.0,0.0,0.0,0.0,0.0,0.0,0.0,0.0,0.0,0.0,0.0,0.0,40.25882352941176,16.555896721802046,43.0,0.0,0.0,0.0,0.0,0.0,0.0,0.0,0.0,0.0,0.0,0.0,0.0,0.0,0.0,0.0,795.8470588235294,114.53450606513644,745.0,0.0494603218817055,0.0435955323980669,0.0192307692307692,0.0,0.0,0.0,0.0,0.0,0.0,0.0,0.0,0.0,0.0,0.0,0.0,38.8,21.103554203024668,52.0,0.0445348021998965,0.0387473688041604,0.024585477415666,0.0,0.0,0.0,0.0,0.0,0.0,0.0,0.0,0.0,0.0,0.0,0.0,37.75,18.806581294855267,43.0,0.0461639986123037,0.037733370602363,0.027056277056277,0.0,0.0,0.0,0.0,0.0,0.0,0.0,0.0,0.0,0.0,0.0,0.0,34.05,16.104269620196998,37.5,0.0228667403150454,0.0050910603015315,0.0212432915921288,0.0,0.0,0.0,0.0,0.0,0.0,0.0,0.0,0.0,0.0,0.0,0.0,45.75,9.15901195544585,47.5,0.0207982930075953,0.0026915280167106,0.0208871662360034,0.0,0.0,0.0,0.0,0.0,0.0,0.0,0.0,0.0,0.0,0.0,0.0,48.9,6.331666447310692,48.5,0.0,0.0,0.0,0.0,0.0,0.0,0.0,0.0,0.0,0.0,0.0,0.0,0.0,0.0,0.0,722.4,40.034651657449615,718.0,0.0,0.0,0.0,0.0,0.0,0.0,0.0,0.0,0.0,0.0,0.0,0.0,0.0,0.0,0.0,994.1,11.78516016013359,991.0,0.0,0.0,0.0,0.0,0.0,0.0,0.0,0.0,0.0,0.0,0.0,0.0,0.0,0.0,0.0,736.3,32.73698214557964,740.0,0.0,0.0,0.0,0.0,0.0,0.0,0.0,0.0,0.0,0.0,0.0,0.0,0.0,0.0,0.0,742.2,35.973045464625315,743.0,0.0,0.0,0.0,0.0,0.0,0.0,0.0,0.0,0.0,0.0,0.0,0.0,0.0,0.0,0.0,735.9,30.81055014114484,735.5
0.0,0.0,,,0.05,0.0,0.0,e_diagnosis,train-ticket,100,0,82.93,False,False,1,iTransformer,Robust,0.0,0.0,0.0,0.0,0.0,0.0,0.0,0.0,0.0,0.0,0.0,0.0,0.0,0.0,rank,0.0058823529411764,0.0539126552347746,0.0,0.0,0.0,0.0,0.0117647058823529,0.1078253104695492,0.0,0.0117647058823529,0.1078253104695492,0.0,0.0074227029831936,0.0680301965633185,0.0,2.847058823529412,0.6946159726647299,3.0,0.0,0.0,0.0,0.0,0.0,0.0,0.0,0.0,0.0,0.0,0.0,0.0,0.0,0.0,0.0,4.0,0.0,4.0,0.0333333333333333,0.1247219128924647,0.0,0.0,0.0,0.0,0.0666666666666666,0.2494438257849294,0.0,0.0666666666666666,0.2494438257849294,0.0,0.0420619835714305,0.157381531532407,0.0,2.8,0.6531972647421808,3.0,0.0,0.0,0.0,0.0,0.0,0.0,0.0,0.0,0.0,0.0,0.0,0.0,0.0,0.0,0.0,2.75,0.82915619758885,2.5,0.0,0.0,0.0,0.0,0.0,0.0,0.0,0.0,0.0,0.0,0.0,0.0,0.0,0.0,0.0,2.7,0.5567764362830021,3.0,0.0,0.0,0.0,0.0,0.0,0.0,0.0,0.0,0.0,0.0,0.0,0.0,0.0,0.0,0.0,3.0,0.6324555320336759,3.0,0.0,0.0,0.0,0.0,0.0,0.0,0.0,0.0,0.0,0.0,0.0,0.0,0.0,0.0,0.0,3.1,0.7,3.0,0.0,0.0,0.0,0.0,0.0,0.0,0.0,0.0,0.0,0.0,0.0,0.0,0.0,0.0,0.0,4.0,0.0,4.0,0.0,0.0,0.0,0.0,0.0,0.0,0.0,0.0,0.0,0.0,0.0,0.0,0.0,0.0,0.0,4.0,0.0,4.0,0.0,0.0,0.0,0.0,0.0,0.0,0.0,0.0,0.0,0.0,0.0,0.0,0.0,0.0,0.0,4.0,0.0,4.0,0.0,0.0,0.0,0.0,0.0,0.0,0.0,0.0,0.0,0.0,0.0,0.0,0.0,0.0,0.0,4.0,0.0,4.0,0.0,0.0,0.0,0.0,0.0,0.0,0.0,0.0,0.0,0.0,0.0,0.0,0.0,0.0,0.0,4.0,0.0,4.0
0.0,0.0,,,0.05,0.0,0.0,e_diagnosis,train-ticket,100,0,81.69,False,False,2,iTransformer,Robust,0.0,0.0,0.0,0.0,0.0,0.0,0.0,0.0,0.0,0.0,0.0,0.0,0.0,0.0,rank,0.0058823529411764705,0.0539126552347746,0.0,0.0,0.0,0.0,0.011764705882352941,0.1078253104695492,0.0,0.011764705882352941,0.1078253104695492,0.0,0.007422702983193618,0.06803019656331855,0.0,2.847058823529412,0.6946159726647299,3.0,0.0,0.0,0.0,0.0,0.0,0.0,0.0,0.0,0.0,0.0,0.0,0.0,0.0,0.0,0.0,4.0,0.0,4.0,0.03333333333333333,0.12472191289246473,0.0,0.0,0.0,0.0,0.06666666666666667,0.24944382578492946,0.0,0.06666666666666667,0.24944382578492946,0.0,0.042061983571430504,0.15738153153240708,0.0,2.8,0.6531972647421808,3.0,0.0,0.0,0.0,0.0,0.0,0.0,0.0,0.0,0.0,0.0,0.0,0.0,0.0,0.0,0.0,2.75,0.82915619758885,2.5,0.0,0.0,0.0,0.0,0.0,0.0,0.0,0.0,0.0,0.0,0.0,0.0,0.0,0.0,0.0,2.7,0.5567764362830021,3.0,0.0,0.0,0.0,0.0,0.0,0.0,0.0,0.0,0.0,0.0,0.0,0.0,0.0,0.0,0.0,3.0,0.6324555320336759,3.0,0.0,0.0,0.0,0.0,0.0,0.0,0.0,0.0,0.0,0.0,0.0,0.0,0.0,0.0,0.0,3.1,0.7,3.0,0.0,0.0,0.0,0.0,0.0,0.0,0.0,0.0,0.0,0.0,0.0,0.0,0.0,0.0,0.0,4.0,0.0,4.0,0.0,0.0,0.0,0.0,0.0,0.0,0.0,0.0,0.0,0.0,0.0,0.0,0.0,0.0,0.0,4.0,0.0,4.0,0.0,0.0,0.0,0.0,0.0,0.0,0.0,0.0,0.0,0.0,0.0,0.0,0.0,0.0,0.0,4.0,0.0,4.0,0.0,0.0,0.0,0.0,0.0,0.0,0.0,0.0,0.0,0.0,0.0,0.0,0.0,0.0,0.0,4.0,0.0,4.0,0.0,0.0,0.0,0.0,0.0,0.0,0.0,0.0,0.0,0.0,0.0,0.0,0.0,0.0,0.0,4.0,0.0,4.0
